yyyymm,price_idx,coupon_rate_monthly,coupon_rate_annual,tr_idx
196912,100.0000,0.00758016,0.09096193,100.000000
197001,100.0000,0.00758425,0.09101101,100.758425
197002,100.0000,0.00758547,0.09102562,101.522725
197003,100.0000,0.00655762,0.07869144,102.188472
197004,100.0000,0.00684001,0.08208008,102.887442
197005,100.0000,0.00671331,0.08055977,103.578158
197006,100.0000,0.00642469,0.07709634,104.243616
197007,100.0000,0.00609491,0.07313891,104.878971
197008,100.0000,0.00558804,0.06705651,105.465039
197009,100.0000,0.00531293,0.06375517,106.025368
197010,100.0000,0.00524042,0.06288500,106.580985
197011,100.0000,0.00473116,0.05677393,107.085237
197012,100.0000,0.00413897,0.04966766,107.528460
197101,100.0000,0.00349804,0.04197653,107.904599
197102,100.0000,0.00314180,0.03770161,108.243614
197103,100.0000,0.00313411,0.03760931,108.582861
197104,100.0000,0.00350966,0.04211589,108.963950
197105,100.0000,0.00391215,0.04694579,109.390233
197106,100.0000,0.00414800,0.04977606,109.843984
197107,100.0000,0.00448385,0.05380615,110.336508
197108,100.0000,0.00470195,0.05642343,110.855305
197109,100.0000,0.00469087,0.05629050,111.375313
197110,100.0000,0.00439142,0.05269709,111.864409
197111,100.0000,0.00414716,0.04976591,112.328329
197112,100.0000,0.00349477,0.04193727,112.720891
197201,100.0000,0.00296019,0.03552224,113.054566
197202,100.0000,0.00278248,0.03338974,113.369138
197203,100.0000,0.00323361,0.03880333,113.735729
197204,100.0000,0.00352233,0.04226801,114.136344
197205,100.0000,0.00360573,0.04326872,114.547889
197206,100.0000,0.00377051,0.04524617,114.979793
197207,100.0000,0.00384181,0.04610176,115.421524
197208,100.0000,0.00405827,0.04869930,115.889937
197209,100.0000,0.00411673,0.04940082,116.367025
197210,100.0000,0.00426111,0.05113330,116.862877
197211,100.0000,0.00427055,0.05124660,117.361946
197212,100.0000,0.00450375,0.05404498,117.890515
197301,100.0000,0.00502121,0.06025454,118.482468
197302,100.0000,0.00556195,0.06674335,119.141461
197303,100.0000,0.00598966,0.07187595,119.855078
197304,100.0000,0.00601841,0.07222092,120.576415
197305,100.0000,0.00662279,0.07947345,121.374967
197306,100.0000,0.00717362,0.08608341,122.245665
197307,100.0000,0.00878739,0.10544871,123.319885
197308,100.0000,0.00886839,0.10642064,124.413534
197309,100.0000,0.00911259,0.10935109,125.547263
197310,100.0000,0.00845769,0.10149230,126.609103
197311,100.0000,0.00847770,0.10173238,127.682457
197312,100.0000,0.00840506,0.10086072,128.755636
197401,100.0000,0.00815200,0.09782394,129.805251
197402,100.0000,0.00758003,0.09096041,130.789179
197403,100.0000,0.00789648,0.09475776,131.821954
197404,100.0000,0.00888292,0.10659507,132.992918
197405,100.0000,0.00955345,0.11464139,134.263459
197406,100.0000,0.01008344,0.12100127,135.617296
197407,100.0000,0.01092039,0.13104472,137.098290
197408,100.0000,0.01014445,0.12173339,138.489077
197409,100.0000,0.00958490,0.11501884,139.816481
197410,100.0000,0.00849805,0.10197662,141.004649
197411,100.0000,0.00798231,0.09578778,142.130192
197412,100.0000,0.00720740,0.08648883,143.154582
197501,100.0000,0.00602456,0.07229475,144.017026
197502,100.0000,0.00527156,0.06325868,144.776220
197503,100.0000,0.00467714,0.05612571,145.453359
197504,100.0000,0.00463932,0.05567183,146.128163
197505,100.0000,0.00440996,0.05291956,146.772583
197506,100.0000,0.00468609,0.05623302,147.460372
197507,100.0000,0.00514908,0.06178897,148.219657
197508,100.0000,0.00518262,0.06219139,148.987823
197509,100.0000,0.00527011,0.06324129,149.773005
197510,100.0000,0.00491270,0.05895241,150.508795
197511,100.0000,0.00440521,0.05286253,151.171818
197512,100.0000,0.00438815,0.05265784,151.835183
197601,100.0000,0.00411116,0.04933397,152.459402
197602,100.0000,0.00402914,0.04834970,153.073683
197603,100.0000,0.00408554,0.04902645,153.699071
197604,100.0000,0.00406744,0.04880922,154.324232
197605,100.0000,0.00446858,0.05362295,155.013842
197606,100.0000,0.00462552,0.05550618,155.730861
197607,100.0000,0.00448194,0.05378325,156.428837
197608,100.0000,0.00446885,0.05362622,157.127894
197609,100.0000,0.00443592,0.05323101,157.824900
197610,100.0000,0.00424393,0.05092719,158.494699
197611,100.0000,0.00417984,0.05015806,159.157181
197612,100.0000,0.00392823,0.04713881,159.782387
197701,100.0000,0.00389416,0.04672988,160.404605
197702,100.0000,0.00395521,0.04746257,161.039040
197703,100.0000,0.00396095,0.04753138,161.676907
197704,100.0000,0.00399250,0.04791000,162.322402
197705,100.0000,0.00451874,0.05422492,163.055895
197706,100.0000,0.00455142,0.05461707,163.798031
197707,100.0000,0.00457736,0.05492831,164.547794
197708,100.0000,0.00498522,0.05982268,165.368101
197709,100.0000,0.00518502,0.06222029,166.225539
197710,100.0000,0.00546153,0.06553839,167.133385
197711,100.0000,0.00549719,0.06596624,168.052148
197712,100.0000,0.00554196,0.06650357,168.983487
197801,100.0000,0.00566275,0.06795299,169.940399
197802,100.0000,0.00573099,0.06877188,170.914325
197803,100.0000,0.00573855,0.06886256,171.895125
197804,100.0000,0.00581922,0.06983059,172.895420
197805,100.0000,0.00621761,0.07461128,173.970416
197806,100.0000,0.00641765,0.07701181,175.086897
197807,100.0000,0.00659852,0.07918224,176.242211
197808,100.0000,0.00678884,0.08146613,177.438692
197809,100.0000,0.00713840,0.08566076,178.705320
197810,100.0000,0.00756625,0.09079504,180.057450
197811,100.0000,0.00824212,0.09890546,181.541505
197812,100.0000,0.00847351,0.10168210,183.079799
197901,100.0000,0.00850923,0.10211079,184.637667
197902,100.0000,0.00849875,0.10198503,186.206857
197903,100.0000,0.00852423,0.10229077,187.794127
197904,100.0000,0.00845797,0.10149568,189.382485
197905,100.0000,0.00865377,0.10384519,191.021357
197906,100.0000,0.00869581,0.10434969,192.682442
197907,100.0000,0.00884793,0.10617520,194.387283
197908,100.0000,0.00924064,0.11088768,196.183546
197909,100.0000,0.00965677,0.11588119,198.078045
197910,100.0000,0.01163555,0.13962662,200.382792
197911,100.0000,0.01113806,0.13365667,202.614666
197912,100.0000,0.01164401,0.13972808,204.973913
198001,100.0000,0.01167619,0.14011431,207.367228
198002,100.0000,0.01193784,0.14325405,209.842744
198003,100.0000,0.01453062,0.17436746,212.891890
198004,100.0000,0.01488194,0.17858331,216.060135
198005,100.0000,0.00928046,0.11136548,218.065271
198006,100.0000,0.00800289,0.09603462,219.810423
198007,100.0000,0.00762570,0.09150839,221.486631
198008,100.0000,0.00811573,0.09738872,223.284156
198009,100.0000,0.00918642,0.11023709,225.335339
198010,100.0000,0.01082793,0.12993519,227.775254
198011,100.0000,0.01339437,0.16073243,230.826160
198012,100.0000,0.01597168,0.19166015,234.512842
198101,100.0000,0.01613102,0.19357220,238.295772
198102,100.0000,0.01346677,0.16160127,241.504847
198103,100.0000,0.01242630,0.14911561,244.505859
198104,100.0000,0.01328472,0.15941660,247.754050
198105,100.0000,0.01565164,0.18781973,251.631808
198106,100.0000,0.01614383,0.19372597,255.694110
198107,100.0000,0.01608982,0.19307781,259.808181
198108,100.0000,0.01505961,0.18071534,263.720792
198109,100.0000,0.01341579,0.16098950,267.258815
198110,100.0000,0.01274436,0.15293230,270.664857
198111,100.0000,0.01124516,0.13494187,273.708526
198112,100.0000,0.01045209,0.12542513,276.569353
198201,100.0000,0.01117214,0.13406568,279.659225
198202,100.0000,0.01249007,0.14988086,283.152188
198203,100.0000,0.01240421,0.14885048,286.664467
198204,100.0000,0.01262344,0.15148123,290.283157
198205,100.0000,0.01221572,0.14658866,293.829175
198206,100.0000,0.01196021,0.14352253,297.343434
198207,100.0000,0.01063619,0.12763433,300.506037
198208,100.0000,0.00854987,0.10259838,303.075323
198209,100.0000,0.00871102,0.10453230,305.715419
198210,100.0000,0.00820163,0.09841951,308.222783
198211,100.0000,0.00776985,0.09323822,310.617628
198212,100.0000,0.00755780,0.09069360,312.965214
198301,100.0000,0.00733611,0.08803329,315.261161
198302,100.0000,0.00718877,0.08626527,317.527502
198303,100.0000,0.00740619,0.08887425,319.879170
198304,100.0000,0.00743651,0.08923812,322.257954
198305,100.0000,0.00729112,0.08749338,324.607574
198306,100.0000,0.00758867,0.09106402,327.070914
198307,100.0000,0.00791475,0.09497701,329.659598
198308,100.0000,0.00807591,0.09691095,332.321901
198309,100.0000,0.00798260,0.09579116,334.974692
198310,100.0000,0.00800638,0.09607651,337.656625
198311,100.0000,0.00789130,0.09469559,340.321175
198312,100.0000,0.00800229,0.09602742,343.044522
198401,100.0000,0.00807591,0.09691095,345.814920
198402,100.0000,0.00810060,0.09720716,348.616227
198403,100.0000,0.00837588,0.10051057,351.536195
198404,100.0000,0.00869524,0.10434293,354.592888
198405,100.0000,0.00871922,0.10463058,357.684660
198406,100.0000,0.00934677,0.11216127,361.027857
198407,100.0000,0.00949263,0.11391159,364.454961
198408,100.0000,0.00983326,0.11799917,368.038743
198409,100.0000,0.00955052,0.11460626,371.553705
198410,100.0000,0.00843697,0.10124359,374.688491
198411,100.0000,0.00796372,0.09556461,377.672405
198412,100.0000,0.00708115,0.08497383,380.346760
198501,100.0000,0.00705361,0.08464334,383.029579
198502,100.0000,0.00718243,0.08618919,385.780663
198503,100.0000,0.00724667,0.08696002,388.576288
198504,100.0000,0.00698455,0.08381462,391.290319
198505,100.0000,0.00673404,0.08080845,393.925282
198506,100.0000,0.00636412,0.07636941,396.432269
198507,100.0000,0.00666042,0.07992500,399.072673
198508,100.0000,0.00667269,0.08007224,401.735560
198509,100.0000,0.00669208,0.08030499,404.424007
198510,100.0000,0.00674713,0.08096551,407.152707
198511,100.0000,0.00680141,0.08161687,409.921918
198512,100.0000,0.00699062,0.08388748,412.787527
198601,100.0000,0.00688101,0.08257210,415.627922
198602,100.0000,0.00664024,0.07968286,418.387790
198603,100.0000,0.00631822,0.07581863,421.031256
198604,100.0000,0.00590318,0.07083811,423.516678
198605,100.0000,0.00578899,0.06946785,425.968410
198606,100.0000,0.00584288,0.07011459,428.457294
198607,100.0000,0.00553897,0.06646758,430.830504
198608,100.0000,0.00521233,0.06254801,433.076136
198609,100.0000,0.00497542,0.05970501,435.230871
198610,100.0000,0.00493778,0.05925341,437.379946
198611,100.0000,0.00510135,0.06121620,439.611175
198612,100.0000,0.00583534,0.07002407,442.176455
198701,100.0000,0.00542854,0.06514251,444.576828
198702,100.0000,0.00515353,0.06184237,446.867969
198703,100.0000,0.00517662,0.06211941,449.181233
198704,100.0000,0.00537688,0.06452262,451.596429
198705,100.0000,0.00578899,0.06946785,454.210715
198706,100.0000,0.00568088,0.06817056,456.791032
198707,100.0000,0.00556023,0.06672278,459.330896
198708,100.0000,0.00568701,0.06824418,461.943118
198709,100.0000,0.00609617,0.07315407,464.759202
198710,100.0000,0.00615735,0.07388818,467.620887
198711,100.0000,0.00565411,0.06784938,470.264869
198712,100.0000,0.00571864,0.06862371,472.954146
198801,100.0000,0.00577290,0.06927481,475.684463
198802,100.0000,0.00556066,0.06672786,478.329580
198803,100.0000,0.00555478,0.06665735,480.986595
198804,100.0000,0.00580485,0.06965816,483.778649
198805,100.0000,0.00598639,0.07183669,486.674737
198806,100.0000,0.00634355,0.07612260,489.761982
198807,100.0000,0.00655135,0.07861618,492.970584
198808,100.0000,0.00676621,0.08119455,496.306127
198809,100.0000,0.00692200,0.08306400,499.741558
198810,100.0000,0.00700889,0.08410671,503.244193
198811,100.0000,0.00705020,0.08460244,506.792167
198812,100.0000,0.00740128,0.08881535,510.543078
198901,100.0000,0.00770641,0.09247698,514.477534
198902,100.0000,0.00790911,0.09490934,518.546595
198903,100.0000,0.00832134,0.09985609,522.861598
198904,100.0000,0.00831003,0.09972039,527.206595
198905,100.0000,0.00828780,0.09945359,531.575977
198906,100.0000,0.00805192,0.09662299,535.856182
198907,100.0000,0.00780295,0.09363537,540.037439
198908,100.0000,0.00759734,0.09116808,544.140287
198909,100.0000,0.00762164,0.09145963,548.287527
198910,100.0000,0.00746918,0.08963013,552.382783
198911,100.0000,0.00722180,0.08666160,556.371981
198912,100.0000,0.00714114,0.08569370,560.345112
199001,100.0000,0.00695218,0.08342611,564.240730
199002,100.0000,0.00695903,0.08350838,568.167299
199003,100.0000,0.00699253,0.08391039,572.140228
199004,100.0000,0.00697413,0.08368952,576.130406
199005,100.0000,0.00690773,0.08289276,580.110159
199006,100.0000,0.00700258,0.08403102,584.172430
199007,100.0000,0.00688755,0.08265063,588.195948
199008,100.0000,0.00687201,0.08246412,592.238036
199009,100.0000,0.00692341,0.08308091,596.338342
199010,100.0000,0.00685374,0.08224489,600.425491
199011,100.0000,0.00659516,0.07914189,604.385391
199012,100.0000,0.00617780,0.07413357,608.119162
199101,100.0000,0.00583425,0.07001098,611.667080
199102,100.0000,0.00528152,0.06337821,614.897611
199103,100.0000,0.00516544,0.06198527,618.073827
199104,100.0000,0.00499401,0.05992813,621.160494
199105,100.0000,0.00488462,0.05861543,624.194627
199106,100.0000,0.00498331,0.05979967,627.305180
199107,100.0000,0.00491679,0.05900149,630.389508
199108,100.0000,0.00478183,0.05738202,633.403926
199109,100.0000,0.00460072,0.05520868,636.318043
199110,100.0000,0.00440015,0.05280178,639.117937
199111,100.0000,0.00406349,0.04876189,641.714987
199112,100.0000,0.00374476,0.04493713,644.118056
199201,100.0000,0.00340672,0.04088062,646.312385
199202,100.0000,0.00342649,0.04111785,648.526967
199203,100.0000,0.00336365,0.04036375,650.708382
199204,100.0000,0.00315359,0.03784310,652.760450
199205,100.0000,0.00322843,0.03874118,654.867843
199206,100.0000,0.00317725,0.03812705,656.948524
199207,100.0000,0.00274701,0.03296415,658.753170
199208,100.0000,0.00278899,0.03346791,660.590428
199209,100.0000,0.00271838,0.03262056,662.386164
199210,100.0000,0.00261644,0.03139725,664.119256
199211,100.0000,0.00260683,0.03128200,665.850504
199212,100.0000,0.00246487,0.02957849,667.491741
199301,100.0000,0.00255319,0.03063834,669.195978
199302,100.0000,0.00255569,0.03066825,670.906234
199303,100.0000,0.00259545,0.03114537,672.647535
199304,100.0000,0.00249698,0.02996372,674.327121
199305,100.0000,0.00252948,0.03035375,676.032817
199306,100.0000,0.00256486,0.03077835,677.766748
199307,100.0000,0.00257964,0.03095564,679.515140
199308,100.0000,0.00256001,0.03072012,681.254706
199309,100.0000,0.00260571,0.03126848,683.029855
199310,100.0000,0.00252648,0.03031777,684.755517
199311,100.0000,0.00254796,0.03057553,686.500247
199312,100.0000,0.00249486,0.02993831,688.212969
199401,100.0000,0.00257555,0.03090658,689.985494
199402,100.0000,0.00273979,0.03287746,691.875909
199403,100.0000,0.00281653,0.03379831,693.824595
199404,100.0000,0.00300176,0.03602111,695.907289
199405,100.0000,0.00338709,0.04064509,698.264390
199406,100.0000,0.00358543,0.04302522,700.767972
199407,100.0000,0.00359428,0.04313132,703.286726
199408,100.0000,0.00377884,0.04534606,705.944333
199409,100.0000,0.00399785,0.04797423,708.766594
199410,100.0000,0.00402011,0.04824129,711.615912
199411,100.0000,0.00447198,0.05366373,714.798243
199412,100.0000,0.00460599,0.05527183,718.090593
199501,100.0000,0.00466869,0.05602429,721.443136
199502,100.0000,0.00499657,0.05995880,725.047875
199503,100.0000,0.00504820,0.06057844,728.708064
199504,100.0000,0.00510811,0.06129734,732.430386
199505,100.0000,0.00507574,0.06090888,736.148012
199506,100.0000,0.00506923,0.06083079,739.879718
199507,100.0000,0.00494296,0.05931557,743.536917
199508,100.0000,0.00484427,0.05813123,747.138809
199509,100.0000,0.00490301,0.05883616,750.802041
199510,100.0000,0.00486199,0.05834388,754.452433
199511,100.0000,0.00490160,0.05881926,758.150461
199512,100.0000,0.00473167,0.05678004,761.737778
199601,100.0000,0.00470032,0.05640380,765.318187
199602,100.0000,0.00441266,0.05295194,768.695277
199603,100.0000,0.00448848,0.05386177,772.145551
199604,100.0000,0.00441197,0.05294366,775.552236
199605,100.0000,0.00442169,0.05306024,778.981484
199606,100.0000,0.00445395,0.05344737,782.451027
199607,100.0000,0.00455800,0.05469602,786.017441
199608,100.0000,0.00441133,0.05293592,789.484820
199609,100.0000,0.00447564,0.05370768,793.018270
199610,100.0000,0.00442414,0.05308968,796.526694
199611,100.0000,0.00448578,0.05382938,800.099739
199612,100.0000,0.00447185,0.05366220,803.677665
199701,100.0000,0.00443804,0.05325653,807.244422
199702,100.0000,0.00437990,0.05255875,810.780069
199703,100.0000,0.00454928,0.05459133,814.468533
199704,100.0000,0.00465172,0.05582058,818.257208
199705,100.0000,0.00464906,0.05578874,822.061336
199706,100.0000,0.00469256,0.05631078,825.918913
199707,100.0000,0.00466351,0.05596213,829.770595
199708,100.0000,0.00468123,0.05617479,833.654944
199709,100.0000,0.00467989,0.05615865,837.556355
199710,100.0000,0.00464225,0.05570695,841.444497
199711,100.0000,0.00466383,0.05596595,845.368851
199712,100.0000,0.00464961,0.05579528,849.299484
199801,100.0000,0.00469405,0.05632855,853.286135
199802,100.0000,0.00465035,0.05580416,857.254211
199803,100.0000,0.00464006,0.05568078,861.231926
199804,100.0000,0.00459931,0.05519178,865.193003
199805,100.0000,0.00463598,0.05563170,869.204016
199806,100.0000,0.00469510,0.05634121,873.285016
199807,100.0000,0.00467578,0.05610936,877.368305
199808,100.0000,0.00468505,0.05622059,881.478818
199809,100.0000,0.00465538,0.05586453,885.582435
199810,100.0000,0.00428292,0.05139502,889.375312
199811,100.0000,0.00407589,0.04891064,893.000305
199812,100.0000,0.00395550,0.04746595,896.532564
199901,100.0000,0.00391242,0.04694906,900.040178
199902,100.0000,0.00402403,0.04828838,903.661968
199903,100.0000,0.00406182,0.04874183,907.332480
199904,100.0000,0.00400011,0.04800128,910.961906
199905,100.0000,0.00400511,0.04806136,914.610412
199906,100.0000,0.00402405,0.04828862,918.290851
199907,100.0000,0.00421803,0.05061640,922.164233
199908,100.0000,0.00428401,0.05140811,926.114792
199909,100.0000,0.00441254,0.05295042,930.201306
199910,100.0000,0.00439197,0.05270364,934.286722
199911,100.0000,0.00457790,0.05493485,938.563797
199912,100.0000,0.00447294,0.05367529,942.761938
200001,100.0000,0.00460190,0.05522275,947.100430
200002,100.0000,0.00484399,0.05812784,951.688172
200003,100.0000,0.00494433,0.05933193,956.393630
200004,100.0000,0.00508473,0.06101674,961.256631
200005,100.0000,0.00529467,0.06353607,966.346171
200006,100.0000,0.00551465,0.06617585,971.675235
200007,100.0000,0.00552833,0.06633998,977.046979
200008,100.0000,0.00548798,0.06585576,982.408993
200009,100.0000,0.00550507,0.06606090,987.817228
200010,100.0000,0.00549861,0.06598336,993.248853
200011,100.0000,0.00550282,0.06603385,998.714523
200012,100.0000,0.00540809,0.06489713,1004.115665
200101,100.0000,0.00504766,0.06057189,1009.184097
200102,100.0000,0.00464069,0.05568825,1013.867406
200103,100.0000,0.00448575,0.05382906,1018.415366
200104,100.0000,0.00405560,0.04866724,1022.545655
200105,100.0000,0.00355720,0.04268641,1026.183055
200106,100.0000,0.00335219,0.04022625,1029.623013
200107,100.0000,0.00318263,0.03819160,1032.899926
200108,100.0000,0.00308422,0.03701067,1036.085619
200109,100.0000,0.00259106,0.03109270,1038.770177
200110,100.0000,0.00209769,0.02517232,1040.949198
200111,100.0000,0.00176124,0.02113489,1042.782561
200112,100.0000,0.00153372,0.01840462,1044.381895
200201,100.0000,0.00145930,0.01751165,1045.905966
200202,100.0000,0.00146773,0.01761270,1047.441069
200203,100.0000,0.00145958,0.01751492,1048.969890
200204,100.0000,0.00147901,0.01774814,1050.521328
200205,100.0000,0.00147757,0.01773081,1052.073544
200206,100.0000,0.00147676,0.01772110,1053.627203
200207,100.0000,0.00145876,0.01750511,1055.164191
200208,100.0000,0.00147075,0.01764903,1056.716077
200209,100.0000,0.00147704,0.01772448,1058.276889
200210,100.0000,0.00148057,0.01776679,1059.843737
200211,100.0000,0.00112666,0.01351986,1061.037815
200212,100.0000,0.00104418,0.01253011,1062.145725
200301,100.0000,0.00104145,0.01249740,1063.251896
200302,100.0000,0.00106425,0.01277098,1064.383460
200303,100.0000,0.00105644,0.01267729,1065.507919
200304,100.0000,0.00106075,0.01272897,1066.638154
200305,100.0000,0.00106162,0.01273944,1067.770518
200306,100.0000,0.00103089,0.01237071,1068.871274
200307,100.0000,0.00085229,0.01022745,1069.782260
200308,100.0000,0.00086728,0.01040735,1070.710060
200309,100.0000,0.00085120,0.01021437,1071.621446
200310,100.0000,0.00085120,0.01021437,1072.533607
200311,100.0000,0.00083937,0.01007242,1073.433858
200312,100.0000,0.00082939,0.00995271,1074.324155
200401,100.0000,0.00084029,0.01008354,1075.226904
200402,100.0000,0.00084887,0.01018640,1076.139628
200403,100.0000,0.00084411,0.01012933,1077.048009
200404,100.0000,0.00084613,0.01015353,1077.959330
200405,100.0000,0.00084656,0.01015877,1078.871891
200406,100.0000,0.00086444,0.01037322,1079.804506
200407,100.0000,0.00106544,0.01278523,1080.954968
200408,100.0000,0.00120554,0.01446645,1082.258100
200409,100.0000,0.00135395,0.01624745,1083.723427
200410,100.0000,0.00148574,0.01782893,1085.333563
200411,100.0000,0.00163027,0.01956319,1087.102945
200412,100.0000,0.00181966,0.02183586,1089.081098
200501,100.0000,0.00192378,0.02308539,1091.176253
200502,100.0000,0.00211174,0.02534089,1093.480535
200503,100.0000,0.00221927,0.02663121,1095.907261
200504,100.0000,0.00235107,0.02821279,1098.483812
200505,100.0000,0.00253493,0.03041917,1101.268392
200506,100.0000,0.00256289,0.03075468,1104.090823
200507,100.0000,0.00275465,0.03305574,1107.132201
200508,100.0000,0.00295501,0.03546009,1110.403785
200509,100.0000,0.00305922,0.03671069,1113.800759
200510,100.0000,0.00319136,0.03829628,1117.355295
200511,100.0000,0.00337698,0.04052372,1121.128578
200512,100.0000,0.00351058,0.04212701,1125.064394
200601,100.0000,0.00361881,0.04342575,1129.135791
200602,100.0000,0.00379313,0.04551758,1133.418751
200603,100.0000,0.00387589,0.04651069,1137.811759
200604,100.0000,0.00404574,0.04854892,1142.415053
200605,100.0000,0.00417250,0.05007006,1147.181785
200606,100.0000,0.00421533,0.05058401,1152.017540
200607,100.0000,0.00442169,0.05306024,1157.111400
200608,100.0000,0.00443123,0.05317474,1162.238825
200609,100.0000,0.00443817,0.05325806,1167.397040
200610,100.0000,0.00443014,0.05316166,1172.568770
200611,100.0000,0.00443057,0.05316678,1177.763912
200612,100.0000,0.00442414,0.05308968,1182.974505
200701,100.0000,0.00443286,0.05319437,1188.218470
200702,100.0000,0.00444177,0.05330128,1193.496267
200703,100.0000,0.00443995,0.05327943,1198.795334
200704,100.0000,0.00443395,0.05320735,1204.110728
200705,100.0000,0.00443723,0.05324672,1209.453639
200706,100.0000,0.00443761,0.05325130,1214.820721
200707,100.0000,0.00444132,0.05329579,1220.216123
200708,100.0000,0.00424175,0.05090102,1225.391977
200709,100.0000,0.00417054,0.05004650,1230.502525
200710,100.0000,0.00401629,0.04819549,1235.444581
200711,100.0000,0.00378911,0.04546928,1240.125813
200712,100.0000,0.00358446,0.04301355,1244.570998
200801,100.0000,0.00332739,0.03992867,1248.712169
200802,100.0000,0.00251643,0.03019719,1251.854469
200803,100.0000,0.00220346,0.02644149,1254.612877
200804,100.0000,0.00192292,0.02307503,1257.025397
200805,100.0000,0.00166946,0.02003355,1259.123954
200806,100.0000,0.00168857,0.02026285,1261.250073
200807,100.0000,0.00169590,0.02035084,1263.389031
200808,100.0000,0.00168473,0.02021673,1265.517497
200809,100.0000,0.00152858,0.01834301,1267.451948
200810,100.0000,0.00081685,0.00980225,1268.487271
200811,100.0000,0.00032536,0.00390436,1268.899990
200812,100.0000,0.00012891,0.00154698,1269.063570
200901,100.0000,0.00012810,0.00153716,1269.226133
200902,100.0000,0.00018551,0.00222610,1269.461585
200903,100.0000,0.00015045,0.00180536,1269.652571
200904,100.0000,0.00012484,0.00149803,1269.811068
200905,100.0000,0.00014772,0.00177265,1269.998646
200906,100.0000,0.00017215,0.00206581,1270.217277
200907,100.0000,0.00012946,0.00155352,1270.381719
200908,100.0000,0.00013328,0.00159931,1270.551030
200909,100.0000,0.00012174,0.00146085,1270.705703
200910,100.0000,0.00009757,0.00117085,1270.829688
200911,100.0000,0.00009836,0.00118034,1270.954688
200912,100.0000,0.00009757,0.00117085,1271.078697
201001,100.0000,0.00009076,0.00108909,1271.194056
201002,100.0000,0.00010464,0.00125566,1271.327071
201003,100.0000,0.00013682,0.00164182,1271.501013
201004,100.0000,0.00016539,0.00198470,1271.711308
201005,100.0000,0.00016734,0.00200814,1271.924122
201006,100.0000,0.00014708,0.00176502,1272.111203
201007,100.0000,0.00015208,0.00182498,1272.304668
201008,100.0000,0.00015781,0.00189366,1272.505444
201009,100.0000,0.00016229,0.00194752,1272.711963
201010,100.0000,0.00015944,0.00191329,1272.914885
201011,100.0000,0.00016201,0.00194414,1273.121112
201012,100.0000,0.00015263,0.00183152,1273.315425
201101,100.0000,0.00014009,0.00168107,1273.493803
201102,100.0000,0.00013029,0.00156345,1273.659722
201103,100.0000,0.00011501,0.00138017,1273.806212
201104,100.0000,0.00008062,0.00096742,1273.908904
201105,100.0000,0.00007713,0.00092556,1274.007160
201106,100.0000,0.00007555,0.00090659,1274.103410
201107,100.0000,0.00005778,0.00069334,1274.177025
201108,100.0000,0.00007876,0.00094518,1274.277386
201109,100.0000,0.00006879,0.00082547,1274.365043
201110,100.0000,0.00005751,0.00069007,1274.438326
201111,100.0000,0.00006625,0.00079506,1274.522764
201112,100.0000,0.00005832,0.00069988,1274.597099
201201,100.0000,0.00006705,0.00080454,1274.682554
201202,100.0000,0.00008551,0.00102616,1274.791556
201203,100.0000,0.00010493,0.00125916,1274.925320
201204,100.0000,0.00011554,0.00138650,1275.072627
201205,100.0000,0.00012946,0.00155352,1275.237697
201206,100.0000,0.00013441,0.00161293,1275.409103
201207,100.0000,0.00013000,0.00156006,1275.574913
201208,100.0000,0.00010956,0.00131476,1275.714669
201209,100.0000,0.00011977,0.00143719,1275.867456
201210,100.0000,0.00013164,0.00157968,1276.035411
201211,100.0000,0.00013357,0.00160279,1276.205847
201212,100.0000,0.00013682,0.00164182,1276.380455
201301,100.0000,0.00011829,0.00141942,1276.531432
201302,100.0000,0.00012033,0.00144395,1276.685036
201303,100.0000,0.00011910,0.00142923,1276.837093
201304,100.0000,0.00012033,0.00144395,1276.990734
201305,100.0000,0.00008994,0.00107928,1277.105586
201306,100.0000,0.00007696,0.00092348,1277.203868
201307,100.0000,0.00007604,0.00091247,1277.300986
201308,100.0000,0.00006786,0.00081435,1277.387667
201309,100.0000,0.00006541,0.00078492,1277.471221
201310,100.0000,0.00007141,0.00085687,1277.562440
201311,100.0000,0.00006907,0.00082885,1277.650683
201312,100.0000,0.00006977,0.00083725,1277.739825
201401,100.0000,0.00005832,0.00069988,1277.814348
201402,100.0000,0.00005394,0.00064732,1277.883277
201403,100.0000,0.00006377,0.00076530,1277.964774
201404,100.0000,0.00007414,0.00088969,1278.059523
201405,100.0000,0.00007141,0.00085687,1278.150784
201406,100.0000,0.00007865,0.00094376,1278.251307
201407,100.0000,0.00007468,0.00089612,1278.346762
201408,100.0000,0.00007222,0.00086668,1278.439089
201409,100.0000,0.00007245,0.00086941,1278.531713
201410,100.0000,0.00007304,0.00087650,1278.625099
201411,100.0000,0.00007555,0.00090659,1278.721697
201412,100.0000,0.00010139,0.00121664,1278.851343
201501,100.0000,0.00009485,0.00113815,1278.972636
201502,100.0000,0.00009136,0.00109633,1279.089484
201503,100.0000,0.00009321,0.00111852,1279.208708
201504,100.0000,0.00010315,0.00123779,1279.340658
201505,100.0000,0.00010193,0.00122318,1279.471063
201506,100.0000,0.00010681,0.00128173,1279.607724
201507,100.0000,0.00010793,0.00129514,1279.745830
201508,100.0000,0.00011447,0.00137363,1279.892322
201509,100.0000,0.00011272,0.00135270,1280.036598
201510,100.0000,0.00010220,0.00122645,1280.167423
201511,100.0000,0.00009723,0.00116682,1280.291900
201512,100.0000,0.00020114,0.00241370,1280.549420
201601,100.0000,0.00028754,0.00345050,1280.917631
201602,100.0000,0.00031481,0.00377768,1281.320872
201603,100.0000,0.00030389,0.00364674,1281.710258
201604,100.0000,0.00030649,0.00367792,1282.103094
201605,100.0000,0.00030635,0.00367617,1282.495863
201606,100.0000,0.00031691,0.00380297,1282.902304
201607,100.0000,0.00032870,0.00394437,1283.323990
201608,100.0000,0.00033306,0.00399670,1283.751412
201609,100.0000,0.00033269,0.00399223,1284.178498
201610,100.0000,0.00033279,0.00399343,1284.605854
201611,100.0000,0.00034142,0.00409700,1285.044440
201612,100.0000,0.00045407,0.00544889,1285.627945
201701,100.0000,0.00054674,0.00656093,1286.330855
201702,100.0000,0.00055275,0.00663300,1287.041874
201703,100.0000,0.00066204,0.00794445,1287.893945
201704,100.0000,0.00075487,0.00905848,1288.866141
201705,100.0000,0.00076452,0.00917426,1289.851507
201706,100.0000,0.00087655,0.01051855,1290.982122
201707,100.0000,0.00097004,0.01164044,1292.234422
201708,100.0000,0.00097549,0.01170586,1293.494981
201709,100.0000,0.00097231,0.01166770,1294.752657
201710,100.0000,0.00097276,0.01167315,1296.012143
201711,100.0000,0.00097541,0.01170488,1297.276282
201712,100.0000,0.00109760,0.01317119,1298.700171
201801,100.0000,0.00119300,0.01431599,1300.249519
201802,100.0000,0.00119552,0.01434624,1301.803994
201803,100.0000,0.00127041,0.01524492,1303.457819
201804,100.0000,0.00147190,0.01766280,1305.376378
201805,100.0000,0.00146214,0.01754573,1307.285027
201806,100.0000,0.00155189,0.01862271,1309.313792
201807,100.0000,0.00161708,0.01940493,1311.431055
201808,100.0000,0.00162010,0.01944125,1313.555710
201809,100.0000,0.00166322,0.01995869,1315.740448
201810,100.0000,0.00184547,0.02214560,1318.168603
201811,100.0000,0.00187623,0.02251479,1320.641794
201812,100.0000,0.00198611,0.02383328,1323.264729
201901,100.0000,0.00208908,0.02506892,1326.029131
201902,100.0000,0.00203147,0.02437765,1328.722920
201903,100.0000,0.00204240,0.02450879,1331.436703
201904,100.0000,0.00209230,0.02510755,1334.222462
201905,100.0000,0.00204520,0.02454237,1336.951210
201906,100.0000,0.00202200,0.02426397,1339.654523
201907,100.0000,0.00206978,0.02483736,1342.427313
201908,100.0000,0.00179822,0.02157867,1344.841296
201909,100.0000,0.00191933,0.02303194,1347.422488
201910,100.0000,0.00157507,0.01890079,1349.544767
201911,100.0000,0.00132879,0.01594543,1351.338023
201912,100.0000,0.00130644,0.01567733,1353.103471
202001,100.0000,0.00130805,0.01569664,1354.873402
202002,100.0000,0.00133990,0.01607885,1356.688803
202003,100.0000,0.00051502,0.00618022,1357.387522
202004,100.0000,0.00001650,0.00019795,1357.409914
202005,100.0000,0.00003844,0.00046132,1357.462097
202006,100.0000,0.00006682,0.00080190,1357.552809
202007,100.0000,0.00008910,0.00106920,1357.673766
202008,100.0000,0.00007242,0.00086905,1357.772090
202009,100.0000,0.00007242,0.00086905,1357.870421
202010,100.0000,0.00007363,0.00088353,1357.970398
202011,100.0000,0.00007293,0.00087515,1358.069434
202012,100.0000,0.00006951,0.00083416,1358.163837
202101,100.0000,0.00006003,0.00072040,1358.245372
202102,100.0000,0.00003513,0.00042156,1358.293088
202103,100.0000,0.00001286,0.00015429,1358.310551
202104,100.0000,0.00000845,0.00010139,1358.322028
202105,100.0000,0.00000845,0.00010139,1358.333505
202106,100.0000,0.00002381,0.00028573,1358.365848
202107,100.0000,0.00004225,0.00050695,1358.423233
202108,100.0000,0.00004225,0.00050695,1358.480620
202109,100.0000,0.00004225,0.00050695,1358.538009
202110,100.0000,0.00003929,0.00047146,1358.591384
202111,100.0000,0.00004225,0.00050695,1358.648778
202112,100.0000,0.00004186,0.00050234,1358.705653
202201,100.0000,0.00004056,0.00048667,1358.760756
202202,100.0000,0.00004180,0.00050161,1358.817553
202203,100.0000,0.00013629,0.00163545,1359.002744
202204,100.0000,0.00024165,0.00289975,1359.331141
202205,100.0000,0.00060513,0.00726152,1360.153708
202206,100.0000,0.00092661,0.01111932,1361.414040
202207,100.0000,0.00135783,0.01629392,1363.262605
202208,100.0000,0.00192945,0.02315340,1365.892952
202209,100.0000,0.00212207,0.02546487,1368.791476
202210,100.0000,0.00256578,0.03078933,1372.303491
202211,100.0000,0.00314507,0.03774085,1376.619482
202212,100.0000,0.00343554,0.04122648,1381.348913
202301,100.0000,0.00363734,0.04364807,1386.373347
202302,100.0000,0.00383458,0.04601501,1391.689513
202303,100.0000,0.00391720,0.04700642,1397.141041
202304,100.0000,0.00406143,0.04873721,1402.815437
202305,100.0000,0.00424433,0.05093198,1408.769451
202306,100.0000,0.00427261,0.05127135,1414.788577
202307,100.0000,0.00430499,0.05165988,1420.879228
202308,100.0000,0.00447940,0.05375284,1427.243920
202309,100.0000,0.00448374,0.05380487,1433.643310
202310,100.0000,0.00448833,0.05385993,1440.077970
202311,100.0000,0.00449477,0.05393720,1446.550785
202312,100.0000,0.00450867,0.05410406,1453.072808
202401,100.0000,0.00449638,0.05395652,1459.606370
202402,100.0000,0.00448628,0.05383530,1466.154566
202403,100.0000,0.00448966,0.05387587,1472.737095
202404,100.0000,0.00449288,0.05391459,1479.353930
202405,100.0000,0.00449096,0.05389154,1485.997652
202406,100.0000,0.00450002,0.05400024,1492.684671
202407,100.0000,0.00451516,0.05418197,1499.424387
202408,100.0000,0.00450633,0.05407594,1506.181286
202409,100.0000,0.00434809,0.05217711,1512.730301
202410,100.0000,0.00409758,0.04917102,1518.928842
202411,100.0000,0.00392399,0.04708787,1524.889102
202412,100.0000,0.00382952,0.04595426,1530.728699
202501,100.0000,0.00364682,0.04376179,1536.310985
202502,100.0000,0.00367045,0.04404545,1541.949944
202503,100.0000,0.00365607,0.04387287,1547.587424
202504,100.0000,0.00367458,0.04409501,1553.274164
202505,100.0000,0.00363796,0.04365555,1558.924917
202506,100.0000,0.00364748,0.04376976,1564.611065
202507,100.0000,0.00366465,0.04397582,1570.344819
202508,100.0000,0.00367096,0.04405155,1576.109495
202509,100.0000,0.00363313,0.04359760,1581.835711
202510,100.0000,0.00354979,0.04259752,1587.450901
202511,100.0000,0.00336123,0.04033470,1592.786682
202512,100.0000,0.00321099,0.03853185,1597.901099
202601,100.0000,0.00308972,0.03707661,1602.838162
202602,100.0000,0.00309890,0.03718683,1607.805201
202603,100.0000,0.00308461,0.03701531,1612.764652
202604,100.0000,0.00307738,0.03692860,1617.727747
202605,100.0000,0.00302972,0.03635661,1622.629005
202606,100.0000,0.00306571,0.03678856,1627.603521
202607,100.0000,0.00305810,0.03669725,1632.580902
202608,100.0000,0.00307738,0.03692860,1637.604979
202609,100.0000,0.00316954,0.03803445,1642.795430
